,carat,cut,color,clarity,depth,table,price,x,y,z
999,0.74,Premium,D,VS2,61.8,58,2897,5.81,5.77,3.58
1000,1.12,Premium,J,SI2,60.6,59,2898,6.68,6.61,4.03
1001,0.75,Ideal,D,SI1,62.3,55,2898,5.83,5.8,3.62
1002,0.77,Ideal,D,SI1,62.6,57,2898,5.92,5.81,3.67
1003,0.98,Good,H,SI2,57.9,56,2898,6.51,6.47,3.76
1004,0.79,Ideal,G,SI1,61.1,57,2898,5.98,5.93,3.64
1005,0.79,Ideal,G,SI1,62.3,57,2898,5.9,5.85,3.66
1006,0.79,Ideal,G,SI1,62.3,57,2898,5.9,5.85,3.66
1007,0.79,Ideal,G,SI1,62.3,57,2898,5.9,5.85,3.66
1008,0.79,Ideal,G,SI1,62.3,57,2898,5.9,5.85,3.66
1009,0.79,Ideal,G,SI1,62.3,57,2898,5.9,5.85,3.66
1010,0.7,Good,G,VVS1,59.9,61,2899,5.75,5.81,3.46
1011,0.7,Very Good,F,SI1,61.9,58,2900,5.71,5.72,3.54
1012,0.72,Premium,D,VS1,62.7,58,2900,5.68,5.65,3.55
1013,0.8,Premium,F,SI1,62.7,58,2901,5.91,5.93,3.71
1014,0.81,Ideal,E,SI2,63,56,2901,5.95,5.9,3.73
1015,0.81,Premium,E,SI2,62.5,59,2901,5.97,5.9,3.71
1016,0.74,Ideal,E,VS2,61.9,57,2901,5.81,5.78,3.59
1017,0.73,Premium,E,VS2,62,60,2902,5.76,5.73,3.56
1018,0.73,Ideal,E,VS2,61.4,55,2902,5.82,5.8,3.57
1019,0.75,Ideal,G,SI1,61.6,55,2902,5.82,5.86,3.6
1020,0.71,Fair,E,VS2,64.6,59,2902,5.62,5.59,3.62
1021,0.71,Premium,E,VS2,59.6,60,2902,5.85,5.8,3.47
1022,0.75,Premium,D,SI1,62.8,60,2903,5.78,5.74,3.62
1023,0.75,Ideal,D,SI1,62.3,57,2903,5.83,5.8,3.62
1024,0.72,Ideal,D,SI1,61.9,55,2903,5.78,5.75,3.57
1025,0.72,Premium,D,SI1,61.4,59,2903,5.79,5.71,3.53
1026,0.72,Premium,E,VS2,61.1,59,2903,5.8,5.75,3.53
1027,0.79,Very Good,F,SI1,63,54,2904,5.91,5.94,3.73
1028,0.79,Very Good,D,SI2,62.8,57,2904,5.85,5.9,3.69
1029,0.7,Very Good,E,VS1,58.4,59,2904,5.83,5.91,3.43
1030,0.62,Ideal,E,VVS2,62,56,2904,5.48,5.52,3.41
1031,0.7,Very Good,G,VVS2,59.3,62,2905,5.78,5.82,3.44
1032,0.7,Very Good,G,VVS2,63.4,59,2905,5.62,5.64,3.57
1033,0.7,Very Good,G,VVS2,63.3,59,2905,5.59,5.62,3.55
1034,0.71,Very Good,G,VS2,62.1,58,2905,5.65,5.71,3.53
1035,0.86,Very Good,I,VS1,61.2,58,2905,6.1,6.16,3.75
1036,0.53,Ideal,D,VVS1,62.5,54,2905,5.16,5.21,3.24
1037,0.91,Very Good,J,SI1,63.5,58,2905,6.17,6.12,3.9
1038,0.95,Good,I,SI2,63.8,57,2905,6.23,6.13,3.94
1039,0.91,Premium,J,SI1,62.8,59,2905,6.19,6.14,3.87
1040,0.74,Very Good,D,VS2,62.4,57,2906,5.74,5.8,3.6
1041,0.8,Ideal,I,VS1,62.2,58,2906,5.92,5.95,3.69
1042,0.74,Good,E,SI1,62.8,61,2906,5.74,5.76,3.61
1043,0.61,Ideal,E,VVS2,62.4,53.9,2907,5.42,5.43,3.38
1044,0.61,Ideal,E,VVS2,62.4,53.6,2907,5.42,5.45,3.39
1045,0.61,Ideal,E,VVS2,62.1,54.2,2907,5.43,5.45,3.38
1046,0.72,Ideal,H,VVS1,62.8,57,2907,5.68,5.72,3.58
1047,0.7,Ideal,F,VS2,62.3,53,2907,5.69,5.73,3.56
1048,0.71,Ideal,F,VS1,61.9,56,2907,5.7,5.74,3.54
1049,0.79,Ideal,G,SI1,60.3,60,2907,5.98,6.02,3.62
1050,0.72,Ideal,E,SI1,62.6,56,2907,5.7,5.73,3.58
1051,0.33,Ideal,G,SI2,62.9,55,557,4.46,4.41,2.79
1052,0.39,Ideal,H,SI2,61.5,57,558,4.66,4.7,2.88
1053,0.32,Ideal,D,SI1,61.3,55,558,4.41,4.46,2.72
1054,0.25,Premium,F,VS1,61.2,59,558,4.05,4.02,2.47
1055,0.25,Good,F,VS1,63.6,57,558,4.04,4.01,2.56
1056,0.25,Premium,E,VS1,60.7,59,558,4.13,4.11,2.5
1057,0.25,Premium,E,VS1,61.5,60,558,4.04,4.02,2.48
1058,0.31,Premium,I,VS2,60.8,58,558,4.37,4.34,2.65
1059,0.31,Premium,I,VS2,59.8,60,558,4.42,4.38,2.63
1060,0.31,Very Good,I,VS2,63.2,55,558,4.4,4.3,2.75
1061,0.31,Premium,I,VS2,62.3,57,558,4.35,4.32,2.7
1062,0.31,Premium,H,SI1,58.7,60,558,4.47,4.43,2.61
1063,0.31,Premium,H,SI1,62.7,58,558,4.34,4.31,2.71
1064,0.31,Ideal,E,SI2,61.7,56,558,4.4,4.35,2.7
1065,0.31,Ideal,E,SI2,60.1,57,558,4.44,4.41,2.66
1066,0.31,Ideal,E,SI2,61.3,55,558,4.37,4.34,2.67
1067,0.31,Premium,I,VS2,60.8,60,558,4.42,4.37,2.67
1068,0.31,Ideal,I,VS2,59.9,57,558,4.4,4.38,2.63
1069,0.31,Premium,I,VS2,59.9,60,558,4.44,4.41,2.65
1070,0.31,Premium,I,VS2,61.1,58,558,4.38,4.36,2.67
1071,0.31,Premium,I,VS2,60.7,61,558,4.34,4.32,2.63
1072,0.31,Very Good,I,VS2,63.1,54,558,4.34,4.31,2.73
1073,0.31,Premium,I,VS2,62.3,60,558,4.32,4.31,2.69
1074,0.31,Premium,H,SI1,61.7,59,558,4.39,4.36,2.7
1075,0.31,Premium,H,SI1,61,61,558,4.39,4.33,2.66
1076,0.31,Good,H,SI1,63.6,57,558,4.31,4.28,2.73
1077,0.31,Premium,H,SI1,62.4,57,558,4.35,4.31,2.7
1078,0.31,Premium,H,SI1,62.8,58,558,4.32,4.28,2.7
1079,0.31,Ideal,H,SI1,62.9,56,558,4.31,4.27,2.7
1080,0.31,Premium,E,SI2,60.9,60,558,4.38,4.35,2.66
1081,0.82,Very Good,H,SI1,63.6,56,2908,5.9,5.95,3.77
1082,0.73,Ideal,I,VS1,61.5,55,2908,5.8,5.84,3.58
1083,0.7,Premium,D,VS2,61,60,2909,5.75,5.7,3.49
1084,0.7,Premium,D,VS2,60.9,57,2909,5.71,5.69,3.47
1085,0.71,Ideal,H,VS1,61.2,56,2909,5.76,5.81,3.54
1086,0.71,Ideal,H,VS1,61.9,56,2909,5.7,5.74,3.54
1087,0.9,Ideal,I,SI2,61.9,57,2909,6.19,6.13,3.81
1088,0.71,Very Good,D,VS1,62.9,57,2910,5.6,5.66,3.54
1089,1.05,Premium,I,SI2,58.3,57,2911,6.72,6.67,3.9
1090,0.59,Ideal,E,VVS2,61.1,57,2911,5.39,5.41,3.3
1091,0.71,Ideal,G,VS2,60.6,56,2911,5.76,5.8,3.5
1092,0.77,Good,F,VS2,60.3,61,2911,5.89,5.96,3.57
1093,0.73,Good,E,VS2,64.2,54,2912,5.68,5.72,3.66
1094,0.7,Good,E,VS2,58.7,63,2912,5.69,5.73,3.35
1095,0.73,Good,E,VS2,63.2,56,2912,5.75,5.76,3.64
1096,0.8,Premium,E,SI1,61.2,60,2912,5.97,5.95,3.65
1097,1,Fair,H,SI2,65.2,54,2912,6.3,6.22,4.08
1098,1,Fair,I,SI1,66,56,2912,6.31,6.24,4.13
1099,1,Fair,H,SI2,67,55,2912,6.25,6.12,4.16
1100,0.7,Very Good,D,VS2,60.7,60,2913,5.72,5.74,3.48
1101,0.71,Premium,D,SI1,61.4,58,2913,5.75,5.79,3.54
1102,0.71,Premium,G,SI2,60.8,59,2913,5.7,5.74,3.48
1103,0.71,Premium,D,SI1,60.6,58,2913,5.77,5.79,3.5
1104,0.71,Very Good,D,SI1,61.7,56,2913,5.68,5.8,3.54
1105,0.71,Ideal,D,SI1,61.7,57,2913,5.7,5.75,3.53
1106,0.71,Premium,D,SI1,59.7,59,2913,5.8,5.82,3.47
1107,0.91,Premium,I,SI2,62,59,2913,6.18,6.23,3.85
1108,0.83,Premium,E,SI1,62.2,59,2913,6.05,5.97,3.74
1109,0.85,Ideal,G,SI2,62,57,2913,6.1,6.02,3.76
1110,0.8,Very Good,F,SI1,63.5,55,2914,5.86,5.89,3.73
1111,0.73,Ideal,E,SI1,61.4,58,2914,5.76,5.8,3.55
1112,0.83,Very Good,I,VS2,62,55,2915,6.03,6.06,3.74
1113,0.77,Very Good,G,SI1,63.6,57,2915,5.79,5.88,3.71
1114,0.8,Very Good,G,SI2,62,55,2915,5.94,6.01,3.7
1115,0.71,Ideal,F,VS2,62.2,56,2915,5.74,5.71,3.56
1116,0.73,Very Good,H,VS1,60.8,57,2916,5.8,5.83,3.54
1117,0.93,Ideal,I,SI1,62,57,2917,6.22,6.26,3.87
1118,0.74,Premium,F,VS1,62.5,60,2917,5.78,5.74,3.6
1119,0.7,Ideal,E,VS2,62.5,58,2917,5.63,5.67,3.53
1120,0.71,Ideal,F,VS2,61.2,56,2917,5.77,5.73,3.52
1121,0.71,Very Good,F,VS2,59.5,58,2918,5.82,5.87,3.48
1122,0.8,Very Good,H,VS2,61.2,53,2918,5.98,6.05,3.68
1123,0.71,Ideal,H,VVS1,62.1,54,2918,5.7,5.76,3.56
1124,0.72,Ideal,I,VS2,61.8,55,2918,5.75,5.79,3.56
1125,0.83,Very Good,D,SI2,63.1,57,2918,5.95,5.9,3.74
1126,0.72,Very Good,G,VS1,60.5,57,2919,5.8,5.83,3.52
1127,0.8,Very Good,H,SI1,62.5,56,2919,5.92,5.96,3.71
1128,0.73,Premium,G,VVS2,62.2,56,2919,5.79,5.75,3.59
1129,0.7,Good,F,VS1,63.8,58,2919,5.61,5.58,3.57
1130,0.73,Ideal,H,VS1,61.9,55,2919,5.79,5.76,3.58
1131,0.73,Ideal,G,VVS2,61.9,55,2919,5.83,5.77,3.59
1132,0.71,Premium,E,VS1,59.7,57,2920,5.87,5.78,3.48
1133,0.72,Ideal,F,SI1,61,55,2920,5.78,5.85,3.55
1134,0.71,Premium,F,VS1,59.1,59,2920,5.88,5.83,3.46
1135,0.71,Ideal,F,VS1,62.6,55,2920,5.71,5.67,3.56
1136,0.74,Very Good,H,VVS2,60.5,60,2921,5.79,5.81,3.51
1137,0.71,Very Good,E,VS2,59.9,59,2921,5.77,5.81,3.47
1138,0.71,Very Good,E,VS2,60.7,60,2921,5.75,5.78,3.5
1139,0.71,Very Good,D,SI1,60.1,60,2921,5.76,5.79,3.47
1140,0.65,Ideal,F,VVS2,61.3,56,2921,5.58,5.61,3.43
1141,0.9,Fair,I,VS2,64.1,66,2921,6.04,5.98,3.85
1142,0.71,Very Good,E,VS2,63.7,58,2922,5.6,5.64,3.58
1143,0.71,Very Good,E,VS2,63.3,59,2922,5.62,5.66,3.57
1144,0.68,Very Good,F,VS1,59.7,57,2922,5.79,5.76,3.45
1145,0.53,Ideal,F,VVS1,61.6,56,2922,5.24,5.18,3.21
1146,0.77,Ideal,D,SI2,60.6,56,2922,5.95,5.9,3.59
1147,0.72,Very Good,E,VS2,63,57,2923,5.69,5.73,3.6
1148,0.72,Very Good,E,VS2,63.2,58,2923,5.67,5.72,3.6
1149,0.7,Very Good,E,SI1,61.8,59,2923,5.63,5.69,3.5
1150,0.75,Very Good,E,SI1,62.3,58,2923,5.78,5.81,3.61
1151,0.75,Very Good,E,SI1,61.5,58,2923,5.82,5.86,3.59
1152,0.87,Ideal,H,SI1,62.5,57,2923,6.13,6.06,3.81
1153,0.71,Ideal,E,VS1,62.4,54,2923,5.71,5.74,3.57
1154,0.77,Ideal,D,SI2,60.2,56,2923,5.98,6.04,3.62
1155,0.78,Ideal,F,SI1,61.1,56,2923,5.94,5.98,3.64
1156,0.75,Good,E,SI1,58.3,60,2923,5.94,5.99,3.48
1157,0.9,Premium,I,VS2,58.7,60,2923,6.35,6.28,3.7
1158,0.7,Ideal,I,VS1,61.5,56,2924,5.71,5.75,3.52
1159,0.8,Very Good,D,SI1,58.2,63,2925,6.07,6.03,3.52
1160,0.7,Very Good,F,VS1,64.5,58,2925,5.55,5.59,3.59
1161,0.51,Very Good,E,IF,63.3,58,2925,5.03,5.08,3.2
1162,0.71,Ideal,I,IF,61.5,56,2925,5.74,5.77,3.54
1163,1.02,Ideal,I,I1,61.7,56,2925,6.49,6.44,3.99
1164,1.2,Premium,I,I1,60.5,58,2925,6.9,6.79,4.14
1165,0.81,Good,D,SI2,63.6,55,2926,5.91,5.86,3.74
1166,0.81,Premium,F,SI1,61.2,56,2926,6.03,6,3.68
1167,0.81,Premium,F,SI1,61.3,60,2926,6,5.94,3.66
1168,0.77,Very Good,H,VS1,63.3,57,2927,5.79,5.83,3.68
1169,0.8,Ideal,I,SI1,59.4,58,2927,6.07,6.09,3.61
1170,0.9,Premium,H,SI2,59.5,60,2927,6.32,6.29,3.75
1171,0.7,Very Good,F,VS2,61.3,54,2928,5.72,5.76,3.52
1172,0.7,Very Good,D,VS2,60.8,59,2928,5.67,5.71,3.46
1173,0.74,Very Good,E,SI1,61,58,2929,5.82,5.85,3.56
1174,0.8,Very Good,G,VS2,61.1,57,2929,6.01,6.07,3.69
1175,0.7,Ideal,G,VS2,61.8,57,2929,5.68,5.71,3.52
1176,0.7,Ideal,E,SI1,60.1,57,2929,5.78,5.83,3.49
1177,0.71,Very Good,E,VS2,61.3,60,2930,5.74,5.71,3.51
1178,0.7,Premium,E,VS1,60.3,58,2930,5.7,5.74,3.45
1179,0.7,Ideal,E,VS1,62.3,54,2930,5.67,5.72,3.55
1180,0.71,Ideal,F,VS2,62.3,57,2930,5.69,5.74,3.56
1181,0.71,Ideal,G,VS1,62.7,57,2930,5.69,5.73,3.58
1182,0.71,Ideal,G,VS1,62.6,57,2930,5.67,5.7,3.56
1183,0.9,Very Good,E,SI2,58.7,63,2930,6.23,6.2,3.65
1184,0.9,Fair,E,SI2,65,58,2930,6.08,6.04,3.94
1185,0.71,Ideal,G,VVS1,61.7,57,2930,5.75,5.7,3.53
1186,0.7,Very Good,G,VVS2,60.8,57,2931,5.72,5.76,3.49
1187,0.72,Very Good,F,VS2,63.3,57,2931,5.69,5.72,3.61
1188,0.72,Ideal,F,VS2,61.8,59,2931,5.71,5.74,3.54
1189,0.7,Premium,G,VVS1,62,61,2932,5.71,5.62,3.51
1190,0.7,Premium,F,VVS2,61,57,2932,5.8,5.71,3.51
1191,0.7,Very Good,F,VVS2,63.2,58,2932,5.66,5.6,3.56
1192,0.72,Very Good,G,VVS2,62.2,57,2933,5.67,5.72,3.54
1193,0.59,Very Good,D,VVS2,60.6,59,2933,5.44,5.49,3.31
1194,0.73,Premium,F,VS2,59.9,58,2933,5.84,5.87,3.51
1195,0.75,Ideal,F,VS2,62.3,57,2933,5.81,5.87,3.64
1196,0.75,Good,D,SI2,57.6,56,2933,5.98,6.07,3.47
1197,0.9,Good,H,SI2,62.7,64,2934,6,6.09,3.79
1198,0.71,Ideal,D,SI2,62,54,2934,5.77,5.74,3.57
1199,0.91,Premium,H,SI1,60.2,52,2935,6.27,6.15,3.74
1200,1.17,Fair,I,I1,65.4,62,2935,6.68,6.57,4.33
1201,0.8,Premium,H,VS1,62,60,2935,5.92,5.86,3.65
1202,0.7,Very Good,G,VVS2,61.8,60,2936,5.63,5.69,3.5
1203,0.81,Very Good,H,SI1,60.2,58,2936,6.06,6.1,3.66
1204,0.74,Ideal,F,VS2,60.5,59,2936,5.81,5.86,3.53
1205,0.7,Ideal,D,SI2,62.6,54,2936,5.69,5.72,3.57
1206,0.82,Ideal,E,SI2,62.1,56,2937,6.01,5.98,3.72
1207,0.76,Premium,E,SI1,58.3,62,2937,6.12,5.95,3.52
1208,0.76,Premium,G,VS1,59.6,57,2937,6.01,5.91,3.55
1209,0.95,Premium,G,SI2,58.8,60,2937,6.35,6.31,3.72
1210,0.71,Very Good,H,VVS1,62.7,57,2938,5.66,5.72,3.57
1211,0.71,Very Good,H,VVS1,62.7,59,2938,5.65,5.67,3.55
1212,0.81,Ideal,E,SI2,60.2,57,2938,6.1,6.06,3.66
1213,0.73,Very Good,F,VS2,62.7,58,2939,5.73,5.75,3.6
1214,0.73,Very Good,G,VS1,60.7,57,2939,5.76,5.83,3.52
1215,0.83,Very Good,F,SI2,61.9,56,2939,5.99,6.02,3.72
1216,0.77,Premium,D,SI1,59.5,60,2939,6.01,5.95,3.56
1217,0.8,Ideal,E,SI2,60.8,56,2939,6.02,6.01,3.66
1218,0.73,Ideal,F,VS2,62.7,58,2939,5.72,5.77,3.6
1219,0.72,Ideal,E,SI2,62.4,57,2939,5.71,5.74,3.57
1220,0.75,Ideal,G,VS2,60.6,55,2939,5.93,5.91,3.59
1221,0.8,Premium,E,SI2,59.9,58,2939,6.03,5.96,3.59
1222,0.81,Ideal,I,VS2,61.8,56,2939,6.02,5.99,3.71
1223,0.82,Premium,H,VS2,62.6,59,2939,5.99,5.93,3.73
1224,0.7,Good,F,VVS2,63.1,57,2940,5.59,5.66,3.55
1225,1.24,Very Good,J,I1,61.9,55,2940,6.85,6.92,4.26
1226,0.7,Very Good,F,VVS2,62.6,59,2940,5.6,5.64,3.52
1227,0.7,Ideal,F,VS1,61.2,54,2940,5.92,5.64,3.54
1228,0.75,Fair,E,VS2,56,67,2940,6.18,6.08,3.43
1229,1,Good,H,I1,57.6,61,2940,6.67,6.6,3.82
1230,0.75,Ideal,E,VS2,61.6,57,2940,5.84,5.81,3.59
1231,0.7,Ideal,E,VS2,61.5,56,2940,5.73,5.68,3.51
1232,0.79,Very Good,E,SI2,59.2,59,2941,6.04,6.06,3.58
1233,0.8,Good,F,SI1,63.8,59,2941,5.83,5.87,3.73
1234,0.81,Very Good,F,SI2,62.7,58,2942,5.92,5.95,3.72
1235,0.71,Premium,F,VS1,61.1,58,2942,5.76,5.72,3.51
1236,1.03,Fair,G,SI2,65.7,59,2942,6.3,6.24,4.12
1237,0.7,Ideal,F,VS2,60.8,56,2942,5.78,5.79,3.52
1238,0.76,Premium,D,SI1,61.6,59,2942,5.84,5.82,3.59
1239,1.01,Fair,G,SI2,67.1,59,2942,6.27,6.19,4.18
1240,0.73,Ideal,D,SI1,61.4,56,2943,5.82,5.78,3.56
1241,0.72,Ideal,F,VS2,62,56,2943,5.77,5.75,3.57
1242,0.74,Very Good,H,VVS2,61.3,58,2944,5.8,5.85,3.57
1243,0.79,Ideal,G,SI1,61.6,55,2944,5.96,5.98,3.68
1244,0.57,Very Good,D,VVS1,60.4,57,2945,5.39,5.44,3.27
1245,0.79,Very Good,H,VS2,61.5,55,2945,5.89,5.94,3.64
1246,0.78,Very Good,D,SI1,62.4,58,2945,5.86,5.9,3.67
1247,0.85,Good,G,SI1,64.9,56,2945,5.95,5.98,3.87
1248,0.71,Very Good,E,VS1,63.3,59,2946,5.64,5.67,3.58
1249,0.71,Very Good,E,VS1,62.7,57,2946,5.69,5.73,3.58
1250,0.72,Ideal,H,VVS1,62.2,56,2946,5.72,5.75,3.57
1251,0.72,Ideal,H,VVS1,62.5,57,2946,5.7,5.73,3.57
1252,0.77,Ideal,I,SI1,61.5,56,2946,5.9,5.93,3.64
1253,0.79,Ideal,E,SI1,62.3,55,2946,5.9,5.94,3.69
1254,0.78,Very Good,H,VS1,61.7,56,2947,5.92,5.94,3.66
1255,0.76,Ideal,E,VS1,62.1,57,2947,5.82,5.87,3.63
1256,0.92,Ideal,H,SI2,58.5,57,2947,6.37,6.34,3.72
1257,0.73,Premium,D,VS2,60.9,59,2947,5.82,5.77,3.53
1258,0.7,Ideal,H,VVS1,61.2,57,2947,5.69,5.72,3.49
1259,0.7,Ideal,H,VVS1,60.5,58,2947,5.76,5.81,3.5
1260,0.74,Ideal,I,VS1,62,56,2947,5.79,5.82,3.6
1261,0.74,Ideal,I,VS1,61.1,57,2947,5.83,5.86,3.57
1262,0.73,Ideal,D,SI1,61.2,57,2947,5.79,5.81,3.55
1263,0.82,Good,H,VS2,62.4,54,2947,5.97,6.04,3.75
1264,0.9,Premium,I,SI1,60.9,56,2947,6.26,6.21,3.8
1265,0.73,Ideal,G,VS1,61.7,55,2948,5.8,5.84,3.59
1266,0.7,Ideal,E,SI1,62,56,2948,5.68,5.7,3.53
1267,0.9,Premium,I,SI2,62.5,58,2948,6.15,6.1,3.83
1268,0.9,Fair,I,SI2,66.4,60,2948,5.92,5.86,3.91
1269,0.9,Premium,I,SI2,60.6,60,2948,6.28,6.23,3.79
1270,0.9,Ideal,I,SI2,62,56,2948,6.2,6.16,3.83
1271,1,Fair,E,SI2,65.8,58,2948,6.28,6.16,4.09
1272,0.72,Very Good,E,VS2,63,56,2949,5.66,5.73,3.59
1273,0.76,Ideal,E,SI1,61.7,57,2949,5.84,5.89,3.62
1274,0.77,Ideal,D,SI1,62.6,57,2949,5.81,5.92,3.67
1275,0.72,Ideal,H,VS1,62.3,55,2949,5.72,5.74,3.57
1276,0.99,Fair,J,SI1,58,67,2949,6.57,6.5,3.79
1277,0.81,Very Good,I,VS1,62.7,58,2950,5.9,5.96,3.72
1278,0.71,Ideal,G,VS1,62.4,57,2950,5.68,5.73,3.56
1279,0.71,Premium,D,VS2,62.1,60,2950,5.72,5.68,3.54
1280,0.54,Ideal,F,VVS1,61.6,55,2951,5.27,5.28,3.25
1281,0.72,Very Good,D,VS1,62.7,58,2951,5.65,5.68,3.55
1282,0.81,Ideal,H,SI1,62.3,58,2951,5.95,5.96,3.71
1283,0.73,Ideal,F,SI1,61.6,55,2951,5.77,5.81,3.56
1284,0.72,Ideal,E,SI1,61,56,2951,5.84,5.79,3.55
1285,0.7,Very Good,E,VS2,62.4,58,2952,5.66,5.68,3.54
1286,0.7,Very Good,E,VS2,63.4,59,2952,5.63,5.67,3.58
1287,0.7,Very Good,E,VS2,61.8,59,2952,5.63,5.67,3.49
1288,0.7,Very Good,E,VS1,61.3,60,2952,5.68,5.7,3.49
1289,0.72,Ideal,G,VS2,61.5,55,2952,5.76,5.79,3.55
1290,0.72,Ideal,G,VS2,61.4,55,2952,5.76,5.8,3.55
1291,0.7,Ideal,E,VS2,61.9,58,2952,5.7,5.73,3.54
1292,0.7,Ideal,E,VS2,62.6,57,2952,5.63,5.68,3.54
1293,0.7,Ideal,E,VS2,62.1,55,2952,5.71,5.75,3.56
1294,0.74,Ideal,I,IF,62.1,53.9,2952,5.79,5.81,3.6
1295,0.7,Good,E,VS1,61,61,2952,5.69,5.72,3.48
1296,0.8,Very Good,H,VS2,59.1,59,2953,6.02,6.07,3.57
1297,0.79,Premium,F,VS2,63,59,2953,5.84,5.8,3.66
1298,0.75,Good,F,VS1,64.4,59,2953,5.67,5.72,3.66
1299,0.71,Very Good,E,VS2,59.6,60,2954,5.8,5.85,3.47
1300,0.72,Ideal,D,SI1,61.9,55,2954,5.75,5.78,3.57
1301,0.72,Premium,E,VS2,61.1,59,2954,5.75,5.8,3.53
1302,0.72,Premium,D,SI1,61.4,59,2954,5.71,5.79,3.53
1303,0.75,Ideal,D,SI1,62.3,57,2954,5.8,5.83,3.62
1304,0.82,Very Good,D,SI1,63.1,58,2954,5.97,5.95,3.76
1305,0.76,Ideal,G,VS2,61.7,54,2954,5.88,5.92,3.64
1306,0.89,Premium,I,VS1,62.2,62,2955,6.14,6.02,3.78
1307,0.7,Very Good,F,VS2,62.4,57,2956,5.67,5.71,3.55
1308,0.74,Very Good,H,VS1,61.4,56,2956,5.81,5.84,3.57
1309,0.74,Very Good,H,VS1,62.3,56,2956,5.75,5.78,3.59
1310,0.95,Good,I,SI2,63.8,57,2956,6.13,6.23,3.94
1311,0.91,Very Good,J,SI1,62.8,59,2956,6.14,6.19,3.87
1312,0.7,Ideal,F,VS2,60.8,57,2956,5.75,5.77,3.5
1313,0.71,Good,F,VVS2,58.2,60,2956,5.89,5.94,3.44
1314,0.7,Premium,D,VS1,60.4,58,2956,5.78,5.71,3.47
1315,0.72,Ideal,F,VS2,62.6,56,2956,5.75,5.72,3.59
1316,0.72,Ideal,F,VS2,62.2,56,2956,5.75,5.73,3.57
1317,0.72,Ideal,H,VVS1,62,55,2958,5.74,5.77,3.57
1318,0.79,Ideal,I,VS1,62.2,57,2958,5.89,5.94,3.68
1319,0.72,Good,G,VS1,58,57.8,2958,5.85,5.87,3.4
1320,0.98,Fair,F,SI2,61.6,66,2958,6.46,6.24,3.92
1321,0.56,Very Good,D,VVS1,60.1,58,2959,5.36,5.42,3.24
1322,0.7,Very Good,F,VS1,60.1,58,2959,5.73,5.79,3.46
1323,0.79,Premium,G,VS2,62.3,58,2959,5.92,5.89,3.68
1324,0.82,Ideal,I,SI1,61.8,55,2959,6,6.03,3.72
1325,0.74,Fair,G,VVS2,65.2,58,2959,5.7,5.6,3.69
1326,0.71,Very Good,H,VVS2,61.8,56,2960,5.7,5.73,3.53
1327,0.7,Very Good,D,VS2,63,56,2960,5.61,5.69,3.56
1328,0.7,Good,D,VS2,63.4,57,2960,5.6,5.67,3.57
1329,0.7,Ideal,D,VS2,61.3,57,2960,5.72,5.76,3.52
1330,0.76,Ideal,F,VS2,62.6,56,2960,5.82,5.78,3.63
1331,0.72,Ideal,G,VS2,61.3,56,2960,5.77,5.81,3.55
1332,0.64,Ideal,G,IF,61.7,58,2960,5.52,5.56,3.42
1333,0.71,Good,F,VVS2,58.9,61,2960,5.8,5.9,3.44
1334,0.74,Ideal,G,VS1,61.8,55,2960,5.85,5.8,3.6
1335,0.77,Very Good,H,VS1,62.8,58,2961,5.75,5.78,3.62
1336,0.74,Ideal,H,VVS2,61.2,57,2961,5.79,5.85,3.56
1337,0.72,Premium,E,VS1,61.5,60,2961,5.79,5.75,3.55
1338,0.73,Premium,F,VS1,61.9,56,2961,5.81,5.76,3.58
1339,0.73,Premium,F,VS1,62.7,56,2961,5.75,5.73,3.6
1340,0.63,Ideal,F,VVS2,62.3,56,2961,5.48,5.5,3.42
1341,0.72,Ideal,H,VS1,61.1,57,2961,5.8,5.82,3.55
1342,0.76,Ideal,E,SI1,60.6,57,2961,5.91,5.93,3.59
1343,0.71,Premium,F,VS1,62.1,53,2961,5.77,5.7,3.56
1344,0.75,Premium,H,VS1,61.9,61,2961,5.85,5.82,3.61
1345,0.96,Premium,E,SI2,60.4,56,2961,6.32,6.23,3.79
1346,0.63,Ideal,D,VVS2,62.6,56,2962,5.47,5.49,3.43
1347,0.72,Ideal,E,VS2,62,56,2962,5.73,5.76,3.56
1348,0.71,Ideal,G,VS1,62.2,56,2962,5.69,5.72,3.55
1349,0.82,Premium,F,SI1,62.4,56,2962,6.01,5.98,3.74
1350,0.71,Ideal,E,VS1,62.1,53,2963,5.76,5.73,3.57
1351,0.91,Very Good,E,SI2,58.6,63,2963,6.38,6.32,3.72
1352,0.71,Very Good,E,VS2,62.9,57,2964,5.68,5.7,3.58
1353,0.71,Very Good,E,SI1,62.9,55,2964,5.64,5.68,3.56
1354,0.71,Very Good,D,SI1,59.4,59,2964,5.78,5.81,3.44
1355,0.7,Good,E,VS1,63.6,58,2964,5.61,5.56,3.55
1356,0.7,Fair,E,VS1,64.5,57,2964,5.59,5.55,3.59
1357,0.75,Ideal,E,SI1,61.7,56,2964,5.84,5.86,3.61
1358,0.9,Fair,F,SI2,65.7,59,2964,6.03,5.99,3.95
1359,0.9,Good,F,SI2,64.2,62,2964,6.08,6,3.88
1360,0.9,Fair,J,VS1,65.4,60,2964,6.02,5.93,3.91
1361,0.9,Premium,J,VS1,62.1,62,2964,6.12,6.05,3.78
1362,1,Fair,G,SI1,65.7,54,2964,6.24,6.16,4.07
1363,1.5,Fair,H,I1,65.6,54,2964,7.26,7.09,4.7
1364,1.05,Premium,E,I1,61.4,58,2964,6.53,6.46,3.99
1365,0.9,Fair,J,VS1,64.6,58,2964,6.12,6.06,3.93
1366,0.71,Ideal,I,VS1,61.8,56,2965,5.68,5.72,3.52
1367,0.71,Ideal,I,VS1,61.6,56,2965,5.71,5.75,3.53
1368,0.71,Ideal,I,VS1,61.3,57,2965,5.73,5.76,3.52
1369,0.71,Ideal,I,VS1,61.5,56,2965,5.72,5.76,3.52
1370,0.7,Ideal,G,SI1,61.7,55,2965,5.7,5.73,3.53
1371,0.7,Ideal,G,SI1,60.9,56,2965,5.73,5.79,3.51
1372,0.73,Very Good,G,VS2,62.1,59,2966,5.68,5.73,3.54
1373,0.85,Very Good,E,SI2,63.1,58,2966,6.02,6,3.79
1374,0.7,Ideal,I,VVS1,61.8,56,2966,5.69,5.73,3.53
1375,0.75,Ideal,F,SI1,61.2,55,2966,5.87,5.92,3.61
1376,0.82,Ideal,F,SI2,60.9,57,2966,6.06,6.02,3.68
1377,0.7,Very Good,E,VS1,61.3,56,2967,5.68,5.71,3.49
1378,0.7,Very Good,E,VS1,61.5,56,2967,5.69,5.75,3.52
1379,0.86,Very Good,G,SI2,62.6,56,2967,6.01,6.07,3.78
1380,0.79,Ideal,H,VS2,62,56,2967,5.91,5.93,3.67
1381,0.31,Premium,E,SI2,60.8,61,558,4.43,4.39,2.68
1382,0.31,Premium,E,SI2,61.2,61,558,4.37,4.36,2.67
1383,0.31,Ideal,G,SI2,61.4,55,558,4.39,4.37,2.69
1384,0.3,Very Good,H,VVS2,62,56,559,4.28,4.3,2.66
1385,0.31,Very Good,G,VS2,62.6,56,559,4.33,4.37,2.72
1386,0.31,Very Good,G,VS2,61.4,55,559,4.38,4.41,2.69
1387,0.31,Very Good,G,VS2,60.9,57,559,4.37,4.39,2.67
1388,0.24,Ideal,G,VVS1,62.4,56,559,3.97,3.99,2.48
1389,0.24,Ideal,G,VVS1,62.1,56,559,3.97,4,2.47
1390,0.24,Ideal,G,VVS1,62.2,56,559,4,4.04,2.5
1391,0.24,Ideal,G,VVS1,62,55,559,4.01,4.03,2.49
1392,0.24,Ideal,G,VVS1,62,56,559,3.97,4.01,2.47
1393,0.32,Ideal,E,SI1,61.9,55,559,4.4,4.43,2.73
1394,0.32,Ideal,E,SI1,61,56,559,4.41,4.45,2.7
1395,0.24,Ideal,G,IF,61.7,56,559,3.99,4.01,2.47
1396,0.24,Ideal,G,IF,60.8,58,559,4.01,4.05,2.44
1397,0.24,Ideal,G,IF,61.8,55,559,3.99,4.02,2.47
1398,0.24,Ideal,G,IF,61.6,57,559,3.99,4.02,2.46
1399,0.24,Ideal,G,IF,61.3,57,559,4,4.03,2.46
1400,0.32,Ideal,G,VS1,62.3,55,559,4.39,4.41,2.74
1401,0.32,Ideal,G,VS1,61.8,55,559,4.42,4.45,2.74
1402,0.25,Very Good,E,VVS2,62,56,560,4.05,4.08,2.52
1403,0.25,Very Good,E,VVS1,61.5,56,560,4.06,4.08,2.5
1404,0.25,Very Good,F,IF,61.5,56,560,4.04,4.06,2.48
1405,0.27,Very Good,F,IF,60.4,58,560,4.18,4.2,2.53
1406,0.32,Ideal,G,VS2,61.6,54,560,4.4,4.43,2.72
1407,0.36,Ideal,F,SI1,61.6,56,560,4.57,4.62,2.83
1408,0.41,Ideal,I,SI1,61.7,55,561,4.77,4.8,2.95
1409,0.32,Premium,H,VS1,60.2,58,561,4.43,4.47,2.68
1410,0.32,Ideal,H,VS1,61.5,57,561,4.4,4.42,2.71
1411,0.75,Very Good,E,SI1,60.2,60,2968,5.89,5.93,3.56
1412,0.92,Premium,H,SI1,59.2,60,2968,6.4,6.35,3.76
1413,1.13,Fair,H,I1,64.8,59,2968,6.52,6.42,4.19
1414,0.71,Premium,D,VS2,58.7,61,2968,5.88,5.85,3.44
1415,1.06,Premium,I,SI2,61.5,57,2968,6.57,6.49,4.02
1416,0.9,Ideal,G,SI2,62.4,57,2968,6.16,6.13,3.84
1417,0.8,Ideal,G,VS2,61.2,57,2969,6.02,6.07,3.7
1418,0.52,Premium,E,VVS2,60.1,58,2970,5.23,5.18,3.13
1419,0.72,Very Good,G,VS1,60.6,56,2970,5.84,5.87,3.55
1420,0.7,Good,F,VS1,63.8,58,2970,5.58,5.61,3.57
1421,0.78,Premium,E,VS2,62.6,57,2970,5.91,5.85,3.68
1422,0.78,Ideal,H,VS2,61.6,56,2970,5.94,5.91,3.64
1423,1.04,Good,I,SI2,59.9,64,2970,6.51,6.45,3.88
1424,0.91,Fair,F,SI1,64.9,57,2971,6.13,6.08,3.96
1425,0.81,Very Good,E,SI1,63.8,58,2972,5.85,5.97,3.77
1426,0.76,Ideal,G,VS1,59.4,57,2972,5.99,6.03,3.57
1427,0.7,Ideal,G,VS1,61.7,56,2972,5.64,5.71,3.5
1428,0.9,Very Good,H,SI2,63.1,60,2972,6.14,6.09,3.86
1429,0.81,Premium,H,VS1,62.6,58,2972,5.96,5.9,3.71
1430,0.9,Very Good,J,SI2,63.3,59,2973,6.08,6.12,3.86
1431,0.75,Ideal,G,VS1,62.3,57,2973,5.83,5.86,3.64
1432,0.77,Ideal,D,SI2,60.6,56,2973,5.9,5.95,3.59
1433,0.7,Ideal,E,VS1,60.5,56,2973,5.74,5.79,3.49
1434,0.81,Very Good,E,SI1,59.5,60,2973,6.05,6.09,3.61
1435,0.7,Good,E,VS1,59.8,62,2973,5.74,5.8,3.45
1436,0.82,Ideal,F,SI1,62.6,57,2974,5.96,6.02,3.75
1437,0.57,Ideal,F,IF,61.8,54,2974,5.33,5.35,3.3
1438,0.9,Good,H,SI1,64.2,60,2974,6.05,6.02,3.87
1439,1,Fair,D,SI2,69.3,58,2974,5.96,5.87,4.1
1440,0.71,Ideal,G,VS2,59.5,57,2974,5.81,5.8,3.46
1441,0.7,Very Good,F,VS1,62.1,57,2975,5.69,5.72,3.54
1442,0.7,Premium,F,VVS2,62.2,58,2975,5.72,5.66,3.54
1443,0.82,Very Good,E,SI2,63.3,56,2975,5.99,5.95,3.78
1444,0.8,Ideal,F,SI1,62.8,54,2975,5.9,5.97,3.74
1445,0.83,Premium,G,SI1,61.6,59,2975,6.02,5.99,3.7
1446,0.83,Ideal,H,VS2,61.3,54,2975,6.1,6.06,3.73
1447,0.77,Premium,E,SI1,60.4,58,2975,6,5.88,3.59
1448,0.79,Ideal,F,SI1,62.5,57,2976,5.88,5.92,3.69
1449,0.72,Ideal,E,SI1,61,56,2976,5.82,5.85,3.56
1450,0.91,Ideal,I,SI2,63,54,2976,6.17,6.12,3.86
1451,0.71,Very Good,G,VVS2,60.8,58,2977,5.75,5.77,3.5
1452,0.81,Ideal,F,SI1,61.9,57,2977,5.98,6.01,3.71
1453,0.76,Premium,D,VS2,60.9,58,2977,5.9,5.85,3.58
1454,0.54,Ideal,F,VVS1,61.6,55,2977,5.28,5.27,3.25
1455,0.71,Ideal,G,VVS2,62.5,58,2978,5.7,5.73,3.57
1456,0.7,Ideal,E,VS1,61.3,54,2978,5.77,5.83,3.54
1457,0.8,Ideal,E,SI2,61,55,2978,6,6.03,3.67
1458,0.76,Ideal,E,SI2,62.1,56,2978,5.85,5.88,3.64
1459,0.72,Ideal,H,VVS1,59.9,59,2979,5.76,5.82,3.47
1460,0.7,Ideal,E,VS2,61.7,56,2979,5.74,5.71,3.53
1461,0.86,Premium,F,SI2,61.8,58,2980,6.12,6.15,3.79
1462,0.7,Ideal,E,VS2,61.5,57,2980,5.67,5.78,3.52
1463,0.7,Good,D,SI1,61.3,61,2980,5.63,5.69,3.47
1464,0.64,Good,F,IF,58.6,61,2980,5.69,5.71,3.34
1465,0.7,Ideal,E,VS2,62.2,55,2981,5.67,5.71,3.54
1466,0.91,Premium,I,SI2,60.2,59,2981,6.29,6.24,3.77
1467,0.91,Ideal,I,SI2,61.6,57,2981,6.24,6.23,3.84
1468,0.9,Good,E,SI2,58.7,63,2982,6.2,6.23,3.65
1469,0.71,Ideal,G,VVS1,61.7,57,2982,5.7,5.75,3.53
1470,0.9,Fair,E,SI2,65.8,59,2982,6.03,5.98,3.95
1471,0.71,Ideal,E,VS2,59.5,57,2982,5.86,5.83,3.48
1472,0.71,Very Good,G,VS1,60.8,63,2982,5.76,5.68,3.48
1473,0.71,Premium,E,VS2,62.6,58,2982,5.72,5.68,3.57
1474,0.74,Ideal,E,VS2,62.7,54,2984,5.8,5.77,3.63
1475,0.9,Very Good,J,VS2,63.1,57,2984,6.12,6.06,3.84
1476,1,Premium,G,I1,62.5,62,2984,6.42,6.35,3.99
1477,0.7,Very Good,D,VS2,63.1,56,2985,5.62,5.69,3.57
1478,0.75,Ideal,E,SI1,62.2,57,2985,5.82,5.86,3.63
1479,0.82,Premium,H,VS1,62.3,60,2985,5.97,5.94,3.71
1480,0.77,Very Good,G,VS1,62.8,58,2986,5.78,5.84,3.65
1481,0.8,Ideal,I,VS1,61.9,54.1,2986,5.92,5.98,3.69
1482,0.82,Ideal,I,VS1,61.6,57,2986,6,6.05,3.71
1483,0.84,Ideal,G,SI2,62,56,2986,6.02,6.05,3.74
1484,0.7,Ideal,G,VS1,61.3,59,2987,5.68,5.7,3.49
1485,0.74,Ideal,D,SI1,61.5,56,2987,5.8,5.84,3.58
1486,0.77,Premium,E,SI1,61.7,58,2988,5.86,5.9,3.63
1487,0.6,Very Good,F,IF,60.1,54,2988,5.5,5.58,3.33
1488,1.03,Very Good,G,I1,63.2,58,2988,6.44,6.34,4.04
1489,0.76,Ideal,I,IF,61.6,55,2988,5.92,5.89,3.64
1490,0.72,Ideal,F,VS2,62.1,54,2989,5.76,5.8,3.59
1491,0.83,Premium,D,SI1,61.3,58,2990,6.03,6,3.69
1492,0.76,Very Good,G,VS2,62.1,54,2990,5.88,5.94,3.67
1493,0.72,Very Good,E,VS2,62.9,57,2990,5.68,5.73,3.59
1494,0.57,Good,E,VVS1,59.1,65,2990,5.34,5.43,3.18
1495,0.75,Ideal,G,VS2,60.6,55,2991,5.91,5.93,3.59
1496,0.7,Ideal,D,VS2,60.3,60,2991,5.71,5.76,3.46
1497,0.7,Very Good,E,VS2,62.8,56,2992,5.66,5.68,3.56
1498,0.75,Ideal,H,VVS2,62,55.1,2992,5.83,5.85,3.62
1499,1.06,Fair,J,SI2,61,66,2992,6.54,6.35,3.93
1500,0.69,Very Good,F,VVS2,61.5,60,2993,5.64,5.67,3.48
1501,0.87,Very Good,H,SI2,61,56,2993,6.15,6.19,3.77
1502,0.75,Very Good,E,SI1,63.6,56,2993,5.73,5.75,3.65
1503,0.7,Ideal,G,VVS2,63,55,2993,5.65,5.69,3.57
1504,0.7,Ideal,F,VS1,62.4,55,2993,5.65,5.7,3.54
1505,0.75,Ideal,E,SI1,61.1,57,2993,5.83,5.86,3.57
1506,0.72,Ideal,D,SI1,61.1,59,2993,5.76,5.8,3.53
1507,1.01,Fair,G,SI1,65.1,57,2993,6.27,6.22,4.07
1508,0.71,Very Good,F,VS2,59.6,56,2994,5.84,5.88,3.49
1509,0.71,Very Good,G,VS1,59.3,55,2994,5.88,5.95,3.51
1510,0.81,Very Good,G,VS2,63.1,58,2994,5.88,5.84,3.7
1511,1.24,Premium,J,I1,61.9,55,2994,6.92,6.85,4.26
1512,0.81,Premium,G,VS2,62,58,2994,5.95,5.92,3.68
1513,0.81,Premium,D,SI2,61.7,58,2994,5.97,5.93,3.67
1514,0.73,Ideal,D,SI1,61.4,56,2995,5.78,5.82,3.56
1515,0.7,Ideal,G,VS1,60.9,56,2995,5.76,5.8,3.52
1516,0.91,Fair,F,SI2,65.3,51,2996,6.05,5.98,3.93
1517,0.88,Very Good,I,VS1,63.3,55,2996,6.11,6.06,3.85
1518,0.77,Ideal,D,SI1,61.4,56,2996,5.9,5.93,3.63
1519,0.74,Ideal,I,VS2,61.9,55,2997,5.8,5.83,3.6
1520,0.72,Ideal,H,SI1,61.1,56,2997,5.78,5.8,3.54
1521,0.7,Ideal,D,VS2,62.8,57,2998,5.69,5.75,3.59
1522,0.72,Ideal,H,VS1,61.4,56,2998,5.79,5.81,3.56
1523,0.7,Ideal,F,VS1,61.6,57,2998,5.7,5.73,3.52
1524,1.01,Fair,J,VVS2,66,56,2998,6.29,6.22,4.13
1525,0.85,Fair,G,VS1,57.7,67,2998,6.26,6.19,3.59
1526,0.7,Very Good,D,VS2,59.7,59,2999,5.82,5.78,3.46
1527,0.73,Very Good,G,VS1,62.4,58.1,2999,5.71,5.75,3.58
1528,1.02,Fair,H,I1,61.5,60,2999,6.4,6.34,3.92
1529,0.87,Premium,F,SI2,61.6,58,2999,6.14,6.1,3.77
1530,0.71,Ideal,F,SI1,61.9,56,2999,5.69,5.74,3.54
1531,0.7,Premium,G,VVS2,60.6,60,2999,5.77,5.69,3.47
1532,0.74,Premium,E,VS1,62.7,58,2999,5.83,5.74,3.63
1533,0.74,Premium,E,VS1,60.9,62,2999,5.83,5.8,3.54
1534,0.7,Premium,G,VVS2,60.2,61,2999,5.74,5.66,3.43
1535,0.77,Ideal,E,SI1,62.5,56,3000,5.87,5.91,3.68
1536,0.93,Good,J,VS2,63.6,61,3000,6.16,6.08,3.89
1537,0.9,Premium,I,SI2,60.6,60,3001,6.23,6.28,3.79
1538,0.9,Very Good,I,SI2,62.5,58,3001,6.1,6.15,3.83
1539,0.9,Ideal,I,SI2,62,56,3001,6.16,6.2,3.83
1540,0.72,Very Good,D,SI1,61.5,58,3001,5.74,5.78,3.54
1541,0.7,Premium,D,VS1,61.6,61,3001,5.66,5.61,3.47
1542,0.7,Good,D,VS1,63.6,60,3001,5.61,5.52,3.54
1543,0.7,Very Good,D,VS1,63.4,59,3001,5.58,5.55,3.53
1544,0.6,Ideal,G,VVS1,62.1,56,3001,5.42,5.43,3.37
1545,0.75,Very Good,H,VVS2,60.6,57,3002,5.86,5.89,3.56
1546,0.83,Very Good,E,SI1,62.1,58,3002,6.01,6.04,3.74
1547,0.77,Very Good,E,SI2,60.4,58,3002,5.91,5.95,3.58
1548,0.71,Premium,D,VS2,62.1,60,3002,5.68,5.72,3.54
1549,0.89,Good,H,SI2,63.3,59,3002,6.04,6.09,3.84
1550,0.72,Good,F,VS1,63.8,58,3002,5.68,5.63,3.61
1551,0.72,Ideal,G,VVS2,61.6,55,3002,5.78,5.77,3.56
1552,0.8,Premium,G,VS2,60.6,59,3002,6.02,5.97,3.63
1553,0.73,Fair,F,VS1,58.6,66,3002,5.92,5.88,3.46
1554,0.76,Ideal,E,SI1,61.5,56,3003,5.89,5.91,3.63
1555,1.01,Fair,D,SI2,64.6,56,3003,6.31,6.24,4.05
1556,0.65,Premium,D,VVS2,59.9,58,3003,5.69,5.63,3.39
1557,0.81,Premium,F,SI1,61.9,58,3004,5.99,5.96,3.7
1558,0.81,Ideal,F,SI1,61.8,55,3004,6.04,6,3.72
1559,0.7,Ideal,H,VS1,61.7,55,3004,5.69,5.72,3.52
1560,0.61,Ideal,E,VS1,61.3,54,3004,5.53,5.5,3.38
1561,0.78,Ideal,G,SI1,60.6,57,3004,5.95,5.97,3.61
1562,0.72,Ideal,F,SI1,62.3,56,3004,5.77,5.79,3.6
1563,0.92,Premium,D,SI2,60.2,61,3004,6.32,6.27,3.79
1564,0.75,Very Good,E,SI1,61.1,59,3005,5.85,5.9,3.59
1565,0.55,Ideal,F,VVS1,61.2,54,3005,5.3,5.35,3.26
1566,0.8,Very Good,H,SI1,63,57,3005,5.89,5.95,3.73
1567,0.72,Ideal,I,VS1,60.4,56,3005,5.8,5.86,3.52
1568,0.73,Ideal,H,VVS1,61.6,57,3005,5.81,5.78,3.57
1569,0.91,Very Good,I,SI2,63.4,58,3006,6.08,6.12,3.87
1570,0.91,Very Good,G,SI2,62.8,59,3006,6.09,6.14,3.84
1571,0.71,Premium,E,VS1,61.1,58,3006,5.8,5.76,3.53
1572,0.71,Very Good,E,VS1,63.2,60,3006,5.63,5.6,3.55
1573,0.55,Premium,D,VVS1,60.3,59,3006,5.34,5.3,3.21
1574,0.71,Ideal,I,VVS2,60.7,57,3007,5.76,5.8,3.51
1575,0.71,Ideal,I,VVS2,60.4,57,3007,5.78,5.81,3.5
1576,0.7,Premium,E,VVS2,62.7,53,3007,5.65,5.61,3.53
1577,0.71,Ideal,G,SI1,61.3,55,3007,5.73,5.79,3.53
1578,0.71,Ideal,G,SI1,61.6,55,3007,5.72,5.78,3.54
1579,0.71,Ideal,G,SI1,61.9,56,3007,5.73,5.76,3.55
1580,0.71,Ideal,G,SI1,61.6,57,3007,5.73,5.76,3.54
1581,0.71,Ideal,G,SI1,61.4,56,3007,5.72,5.77,3.53
1582,0.76,Ideal,D,SI1,61.2,57,3007,5.88,5.91,3.61
1583,0.91,Very Good,F,SI1,63.1,60,3007,6.13,6.1,3.86
1584,0.7,Very Good,D,VS1,60.4,58,3008,5.71,5.78,3.47
1585,0.61,Ideal,G,VVS1,61.2,56,3008,5.46,5.48,3.35
1586,0.7,Ideal,F,VS2,61.3,57,3008,5.7,5.76,3.51
1587,0.82,Premium,H,VS1,62.5,59,3008,5.96,5.94,3.72
1588,0.71,Very Good,E,VS1,63.7,58,3009,5.63,5.68,3.6
1589,0.71,Very Good,E,VS1,62.1,57,3009,5.67,5.69,3.53
1590,0.71,Very Good,E,VS1,63.4,58,3009,5.64,5.68,3.59
1591,0.74,Very Good,E,SI1,61.3,58,3009,5.8,5.84,3.57
1592,0.83,Ideal,F,SI1,62.1,57,3010,6,6.02,3.73
1593,0.83,Very Good,F,SI1,62.1,58,3010,5.98,6.06,3.74
1594,0.8,Ideal,I,VS1,60.7,59,3010,5.98,6.02,3.64
1595,0.8,Ideal,D,SI1,62.2,57,3011,5.89,5.85,3.65
1596,0.73,Very Good,G,VS1,60.7,55,3011,5.87,5.89,3.57
1597,1,Very Good,G,I1,62.5,62,3011,6.42,6.35,3.99
1598,1.2,Fair,J,I1,64.9,59,3011,6.61,6.54,4.27
1599,1.2,Fair,I,I1,62.2,66,3011,6.77,6.7,4.2
1600,1.2,Fair,I,I1,66.2,55,3011,6.61,6.51,4.34
1601,0.61,Ideal,E,VVS2,62,54,3011,5.43,5.47,3.38
1602,0.7,Ideal,F,VS2,61.9,55,3011,5.7,5.74,3.54
1603,0.7,Ideal,F,VS2,61.8,57,3011,5.67,5.75,3.53
1604,0.7,Ideal,F,VS2,62.7,55,3011,5.66,5.69,3.56
1605,0.7,Ideal,F,VS2,61.4,58,3011,5.7,5.73,3.51
1606,0.77,Ideal,D,SI2,62.3,55,3011,5.9,5.85,3.66
1607,0.75,Ideal,H,SI1,61.9,55,3011,5.82,5.85,3.61
1608,0.75,Ideal,H,SI1,61.9,56,3011,5.81,5.85,3.61
1609,1,Fair,E,SI2,55.4,62,3011,6.63,6.59,3.66
1610,0.78,Very Good,G,VS2,61.3,60,3012,5.89,5.96,3.63
1611,0.82,Ideal,E,SI2,62.2,57,3012,6,5.97,3.72
1612,0.72,Ideal,G,VS2,61.7,56,3012,5.74,5.78,3.55
1613,0.72,Ideal,E,SI1,61,57,3012,5.77,5.8,3.53
1614,0.72,Ideal,E,SI1,60.3,55,3012,5.85,5.89,3.54
1615,0.8,Very Good,F,SI1,63.9,56,3013,5.84,5.87,3.74
1616,0.75,Premium,F,VS2,61.6,58,3013,5.84,5.89,3.61
1617,0.71,Very Good,F,VS1,62.1,53,3013,5.7,5.77,3.56
1618,0.71,Ideal,F,VS1,61.1,57,3013,5.76,5.82,3.54
1619,0.81,Ideal,E,SI2,61.8,56,3013,6,5.97,3.7
1620,0.81,Ideal,E,SI2,60.1,57,3013,6.07,6.1,3.66
1621,0.9,Premium,D,SI1,62.2,60,3013,6.08,6.05,3.77
1622,0.78,Ideal,E,SI1,62.7,55,3014,5.9,5.87,3.69
1623,0.71,Ideal,H,VVS1,61.8,56,3014,5.7,5.75,3.54
1624,0.73,Very Good,D,SI1,60.8,59,3014,5.8,5.85,3.54
1625,1.01,Premium,G,I1,61.1,61,3014,6.49,6.35,3.92
1626,0.9,Good,G,SI2,63.7,62,3014,6.07,6.01,3.85
1627,0.84,Very Good,G,SI2,62.8,57,3015,6,6.04,3.78
1628,0.91,Very Good,E,SI2,58.6,63,3015,6.32,6.38,3.72
1629,0.78,Ideal,H,VVS2,61.7,55,3015,5.9,5.94,3.65
1630,0.81,Ideal,E,SI2,61,56,3015,5.99,6.05,3.67
1631,0.72,Very Good,D,VS2,62.1,59,3016,5.7,5.73,3.55
1632,0.7,Premium,E,VS1,61.8,58,3016,5.71,5.75,3.54
1633,0.7,Ideal,E,VS1,62.7,57,3016,5.65,5.7,3.56
1634,0.9,Good,F,SI2,64.2,62,3016,6,6.08,3.88
1635,0.76,Ideal,H,VS2,61.9,55,3016,5.85,5.88,3.64
1636,0.96,Premium,E,SI2,62.8,60,3016,6.3,6.24,3.94
1637,0.9,Ideal,H,SI2,62.8,55,3016,6.18,6.11,3.86
1638,0.7,Very Good,G,VS1,60.1,60,3017,5.73,5.76,3.45
1639,0.71,Very Good,F,VS1,61.8,60,3017,5.66,5.7,3.51
1640,1.12,Premium,G,I1,60.3,60,3017,6.75,6.69,4.05
1641,0.7,Ideal,G,VS1,61.1,56,3017,5.72,5.74,3.5
1642,0.5,Good,D,VVS2,62.4,64,3017,5.03,5.06,3.14
1643,1.12,Very Good,G,I1,61.2,63,3017,6.68,6.59,4.05
1644,0.7,Good,F,VVS1,63.2,58,3018,5.58,5.62,3.54
1645,1.03,Very Good,G,I1,60.8,57,3018,6.51,6.55,3.97
1646,0.7,Premium,F,VVS2,62.5,59,3018,5.68,5.61,3.53
1647,0.71,Ideal,F,VVS2,62.6,56,3018,5.7,5.65,3.55
1648,0.72,Ideal,H,VS2,61.2,57,3018,5.79,5.77,3.54
1649,0.7,Good,E,VS1,60.2,61,3018,5.71,5.75,3.45
1650,1.02,Very Good,F,SI2,63.3,56,3018,6.38,6.31,4.02
1651,0.77,Premium,F,VS2,62.4,59,3018,5.85,5.81,3.64
1652,0.7,Premium,F,VVS2,62.2,56,3018,5.72,5.63,3.53
1653,0.93,Premium,G,SI2,61.4,56,3019,6.27,6.23,3.84
1654,0.78,Premium,D,SI1,60.4,57,3019,6.02,5.97,3.62
1655,0.71,Ideal,D,VS2,60.4,53,3020,5.81,5.85,3.52
1656,0.73,Very Good,F,SI1,61.3,56,3023,5.78,5.84,3.56
1657,0.65,Ideal,E,VVS2,62.1,57,3023,5.55,5.6,3.46
1658,0.85,Ideal,G,SI1,61.6,55,3023,6.09,6.11,3.76
1659,0.9,Good,H,SI2,63.1,60,3024,6.09,6.14,3.86
1660,0.9,Good,H,SI2,63.1,55,3024,6.08,6.13,3.85
1661,0.75,Premium,E,VS2,62.1,57,3024,5.9,5.79,3.63
1662,0.9,Very Good,J,VS2,63.1,59,3024,6.09,6.05,3.83
1663,0.9,Good,J,VS2,63.9,58,3024,6.15,6.08,3.91
1664,0.72,Premium,E,VS2,60.4,61,3024,5.79,5.76,3.49
1665,0.9,Fair,H,SI1,65.6,57,3024,6.04,6.01,3.95
1666,0.72,Premium,E,VS2,62.5,59,3024,5.73,5.7,3.57
1667,0.75,Good,D,SI1,63.6,58,3024,5.77,5.65,3.63
1668,0.75,Premium,E,SI1,61.7,60,3024,5.84,5.8,3.59
1669,0.72,Very Good,G,VS1,60.1,63,3024,5.86,5.82,3.51
1670,0.75,Premium,D,SI1,59.2,58,3024,5.96,5.93,3.52
1671,0.65,Very Good,D,VVS2,57.7,60,3025,5.69,5.74,3.3
1672,0.7,Very Good,G,VS2,61.8,55,3026,5.69,5.74,3.53
1673,0.59,Ideal,E,VVS2,61.8,57,3026,5.35,5.4,3.32
1674,0.71,Ideal,E,VS2,62.3,56,3026,5.7,5.73,3.56
1675,0.83,Ideal,H,VS2,61.3,54,3027,6.06,6.1,3.73
1676,1.02,Fair,J,SI1,66.8,55,3027,6.25,6.18,4.15
1677,1,Fair,G,SI2,64.9,57,3027,6.29,6.2,4.05
1678,1.02,Premium,G,SI2,61.7,58,3027,6.46,6.41,3.97
1679,0.77,Good,H,VVS2,57.9,61,3027,6.07,6.01,3.5
1680,0.7,Very Good,F,VVS2,58.5,60,3028,5.82,5.94,3.44
1681,0.8,Ideal,H,VS2,62.1,54,3030,5.96,5.99,3.71
1682,0.74,Ideal,H,VS1,61.6,55,3030,5.79,5.83,3.58
1683,0.77,Fair,F,VS1,66.8,57,3031,5.66,5.76,3.82
1684,0.72,Premium,G,VS1,58.9,58,3032,5.93,5.85,3.47
1685,1.01,Good,E,I1,63.8,57,3032,6.4,6.33,4.06
1686,1.01,Very Good,H,SI2,63.5,55,3032,6.32,6.27,4
1687,0.55,Ideal,F,VVS1,61.2,54,3032,5.35,5.3,3.26
1688,0.71,Very Good,D,VS2,63,57,3033,5.67,5.7,3.58
1689,0.73,Ideal,G,VS1,61.6,57,3033,5.76,5.79,3.56
1690,0.76,Ideal,E,SI1,62.5,57,3033,5.8,5.82,3.63
1691,0.52,Ideal,E,IF,61.1,57,3033,5.17,5.21,3.17
1692,0.7,Good,D,VS2,64.1,59,3033,5.56,5.49,3.54
1693,0.7,Very Good,D,VS2,63.2,60,3033,5.61,5.56,3.53
1694,0.7,Good,D,VS2,63.9,58,3033,5.62,5.58,3.58
1695,0.92,Fair,I,VS2,64.4,58,3033,6.13,6.1,3.94
1696,0.91,Premium,H,SI1,63,57,3033,6.19,6.1,3.87
1697,0.91,Ideal,I,SI2,61.6,57,3034,6.23,6.24,3.84
1698,0.91,Good,I,SI2,60.2,59,3034,6.24,6.29,3.77
1699,0.7,Ideal,G,VS1,61.4,57,3034,5.7,5.73,3.51
1700,0.72,Very Good,E,VS2,63.8,57,3035,5.66,5.69,3.62
1701,0.71,Ideal,E,VS2,59.5,57,3035,5.83,5.86,3.48
1702,0.72,Ideal,G,VS1,62.4,59,3035,5.71,5.74,3.57
1703,0.78,Ideal,D,SI1,62.4,57,3035,5.87,5.89,3.67
1704,0.71,Ideal,D,SI1,60.6,57,3035,5.82,5.72,3.5
1705,0.8,Very Good,H,VVS2,62.9,56,3036,5.9,5.96,3.73
1706,0.74,Ideal,E,VS2,62.6,56,3036,5.73,5.81,3.61
1707,0.74,Premium,D,SI1,62.4,59,3036,5.73,5.8,3.6
1708,0.61,Ideal,D,VVS2,62.4,58,3036,5.38,5.42,3.37
1709,0.78,Ideal,F,SI1,61,55,3036,6,5.96,3.65
1710,0.7,Very Good,G,VVS1,63.3,57,3037,5.59,5.63,3.55
1711,0.32,Good,E,SI1,63.3,56,561,4.34,4.35,2.75
1712,0.32,Premium,G,VS2,60.5,58,561,4.41,4.42,2.67
1713,0.4,Good,H,SI2,63.7,59,561,4.64,4.69,2.97
1714,0.32,Premium,G,VS2,62.5,60,561,4.32,4.38,2.72
1715,0.32,Ideal,G,VS2,61.4,56,561,4.37,4.39,2.69
1716,0.32,Premium,G,VS2,59.8,59,561,4.48,4.52,2.69
1717,0.32,Premium,I,VVS2,60.7,59,561,4.4,4.43,2.68
1718,0.32,Very Good,G,VS2,60.2,57,561,4.42,4.45,2.67
1719,0.32,Good,G,VS2,63.3,54,561,4.36,4.39,2.77
1720,0.32,Good,H,VS1,63.1,57,561,4.34,4.37,2.75
1721,0.32,Ideal,G,VS2,61.4,55,561,4.4,4.46,2.72
1722,0.32,Ideal,G,VS2,59.8,57,561,4.43,4.46,2.66
1723,0.32,Ideal,G,VS2,61.7,57,561,4.38,4.4,2.71
1724,0.32,Premium,H,VS1,62.3,58,561,4.34,4.39,2.72
1725,0.32,Very Good,H,VS1,63,57,561,4.32,4.35,2.73
1726,0.32,Premium,G,VS2,61.9,58,561,4.36,4.43,2.72
1727,0.32,Good,G,VS2,63.1,57,561,4.3,4.35,2.73
1728,0.32,Very Good,H,VS1,63,57,561,4.37,4.39,2.76
1729,0.32,Ideal,G,VS2,61.8,57,561,4.37,4.4,2.71
1730,0.32,Very Good,H,VS1,61.7,58,561,4.37,4.41,2.71
1731,0.32,Premium,H,VS1,61.7,58,561,4.38,4.44,2.72
1732,0.32,Very Good,E,SI1,60.1,60,561,4.42,4.47,2.67
1733,0.32,Ideal,G,VS2,61.8,55,561,4.41,4.42,2.73
1734,0.32,Premium,G,VS2,61.7,60,561,4.32,4.4,2.69
1735,0.32,Good,E,SI1,63.4,55,561,4.35,4.36,2.76
1736,0.32,Very Good,G,VS2,62.6,58,561,4.37,4.39,2.74
1737,0.32,Premium,G,VS2,62.3,58,561,4.36,4.41,2.73
1738,0.32,Ideal,G,VS2,61.6,57,561,4.39,4.41,2.71
1739,0.32,Ideal,H,VS1,61.9,55,561,4.4,4.42,2.73
1740,0.32,Ideal,H,VS1,60.2,56,561,4.44,4.49,2.69
1741,0.72,Ideal,E,SI1,62.2,58,3037,5.72,5.75,3.57
1742,0.76,Ideal,H,VS2,61.4,57,3038,5.85,5.88,3.6
1743,0.7,Ideal,H,VS2,61.5,56,3038,5.71,5.73,3.52
1744,0.73,Ideal,E,SI1,62.2,56,3038,5.76,5.79,3.59
1745,0.7,Very Good,G,VVS2,61,59,3039,5.67,5.7,3.47
1746,0.7,Fair,F,VS1,64.9,59,3039,5.56,5.59,3.62
1747,0.77,Very Good,D,SI1,62.1,58,3040,5.84,5.89,3.64
1748,0.92,Premium,I,SI2,61.5,59,3040,6.27,6.21,3.84
1749,0.73,Ideal,G,VS1,61.8,57,3041,5.78,5.81,3.58
1750,0.71,Ideal,F,VS1,62.7,57,3041,5.66,5.7,3.56
1751,0.71,Ideal,F,VS1,61.7,55,3041,5.73,5.77,3.55
1752,0.81,Good,I,VS1,59.4,56,3042,5.97,6.11,3.59
1753,0.71,Ideal,G,VVS2,62.5,57,3042,5.73,5.7,3.57
1754,0.72,Very Good,G,VVS2,60.4,58,3043,5.77,5.82,3.5
1755,0.81,Premium,F,SI1,61.9,59,3043,5.97,5.95,3.69
1756,0.81,Ideal,I,SI1,61.3,56,3043,6.27,6.23,3.83
1757,0.77,Very Good,F,SI1,59.6,60,3044,5.95,5.97,3.55
1758,0.83,Ideal,G,SI1,62.1,57,3044,6.03,5.95,3.72
1759,0.71,Very Good,F,VS1,62.2,55,3045,5.68,5.74,3.56
1760,0.71,Very Good,F,VS1,61.2,57,3045,5.73,5.77,3.52
1761,0.78,Very Good,F,SI1,62.4,58,3045,5.83,5.86,3.65
1762,0.71,Very Good,D,VS2,62.8,56,3045,5.67,5.7,3.57
1763,0.72,Premium,D,VS2,60.2,60,3045,5.76,5.81,3.48
1764,1.14,Ideal,J,SI1,60.2,57,3045,6.81,6.71,4.07
1765,0.75,Ideal,E,SI1,60.8,56,3045,5.91,5.89,3.59
1766,0.75,Very Good,D,SI1,59.7,62,3046,5.89,5.94,3.53
1767,0.7,Good,G,VVS2,61.1,61,3046,5.67,5.69,3.47
1768,0.79,Very Good,F,SI1,61.5,58,3047,5.94,5.97,3.66
1769,0.73,Fair,D,VS1,66,54,3047,5.56,5.66,3.7
1770,0.91,Premium,G,SI2,60.1,62,3047,6.24,6.2,3.73
1771,0.91,Premium,G,SI2,62.8,59,3047,6.14,6.12,3.85
1772,0.93,Ideal,I,SI2,62.3,57,3047,6.22,6.2,3.87
1773,0.82,Very Good,F,SI1,63.9,56.9,3048,5.85,5.92,3.76
1774,0.75,Very Good,D,SI1,61.8,57,3048,5.78,5.81,3.58
1775,0.72,Premium,H,IF,58.7,59,3048,5.94,5.88,3.47
1776,0.72,Ideal,G,SI1,61.8,56,3048,5.7,5.76,3.55
1777,0.72,Good,E,VS1,57.9,60,3048,5.97,5.91,3.44
1778,0.72,Very Good,E,VS1,63.1,56,3048,5.7,5.65,3.58
1779,0.9,Ideal,J,VS1,62.6,55,3048,6.13,6.11,3.83
1780,0.72,Premium,D,SI1,60.5,57,3048,5.89,5.85,3.55
1781,0.72,Premium,D,SI1,62.6,54,3048,5.78,5.72,3.6
1782,0.75,Ideal,E,SI1,61.4,55,3049,5.8,5.86,3.58
1783,0.66,Ideal,D,VVS2,61.6,57,3049,5.64,5.57,3.45
1784,0.83,Ideal,E,SI2,61.9,53,3049,6.08,6.04,3.75
1785,0.62,Very Good,D,VVS2,58.1,63,3050,5.59,5.66,3.27
1786,0.8,Very Good,E,SI1,63.1,56,3050,5.93,5.83,3.71
1787,0.76,Ideal,H,SI1,61.3,55,3050,5.87,5.93,3.62
1788,0.76,Ideal,H,SI1,61.4,55,3050,5.82,5.9,3.6
1789,0.82,Good,E,SI2,61.8,56,3050,5.95,5.99,3.69
1790,0.81,Ideal,E,SI2,62.1,57,3050,5.97,5.91,3.69
1791,1.02,Good,E,I1,63.1,60,3051,6.31,6.4,4.01
1792,0.66,Very Good,G,IF,60.5,59,3051,5.69,5.74,3.46
1793,0.7,Very Good,D,VS2,62.5,55,3052,5.65,5.71,3.55
1794,0.77,Ideal,F,VS2,61.2,57,3052,5.93,5.97,3.64
1795,0.7,Very Good,G,VVS2,60.2,61,3052,5.66,5.74,3.43
1796,1.03,Fair,G,SI1,66.1,56,3052,6.26,6.2,4.12
1797,0.7,Very Good,D,VS2,62.6,58,3053,5.67,5.7,3.56
1798,0.71,Very Good,E,VS2,59.9,59,3053,5.79,5.83,3.48
1799,0.7,Very Good,F,VS1,62.8,59,3053,5.65,5.69,3.56
1800,0.71,Ideal,E,VS2,60.9,56,3053,5.77,5.83,3.53
1801,0.81,Ideal,F,SI2,62.3,54,3053,5.94,5.98,3.72
1802,0.78,Ideal,E,SI2,61,56,3053,5.92,5.98,3.63
1803,0.75,Ideal,E,SI1,61.3,57,3053,5.84,5.91,3.6
1804,0.79,Very Good,E,SI1,63.2,56,3053,5.91,5.83,3.71
1805,0.79,Premium,G,VS1,62.3,56,3053,5.94,5.87,3.68
1806,0.79,Premium,G,VS1,61.3,59,3053,5.97,5.91,3.64
1807,0.79,Ideal,E,SI1,62.1,54,3053,5.96,5.92,3.69
1808,0.7,Very Good,D,VS1,62.9,60,3054,5.62,5.67,3.55
1809,1.01,Premium,H,SI2,61.1,60,3054,6.46,6.41,3.93
1810,1.01,Premium,I,SI2,61.9,58,3054,6.45,6.41,3.98
1811,1.01,Fair,I,SI2,66.1,58,3054,6.21,6.04,4.05
1812,1.01,Fair,I,SI2,68.1,59,3054,6.14,6.11,4.17
1813,0.78,Very Good,E,SI1,60.9,57,3055,5.93,5.97,3.62
1814,0.65,Very Good,D,VVS2,59.9,58,3056,5.63,5.69,3.39
1815,0.61,Ideal,E,VVS2,60.8,56,3056,5.5,5.47,3.34
1816,0.78,Ideal,G,SI1,61.7,56,3056,5.9,5.93,3.65
1817,0.76,Ideal,E,SI1,62.4,54,3056,5.84,5.86,3.65
1818,0.9,Very Good,I,SI2,61.5,61,3057,6.13,6.16,3.78
1819,0.92,Very Good,D,SI2,60.2,61,3057,6.27,6.32,3.79
1820,0.57,Ideal,F,VVS1,61.1,55,3057,5.36,5.44,3.3
1821,0.76,Good,F,VS1,59.9,61,3057,5.89,5.98,3.56
1822,0.9,Good,I,SI2,60.7,58,3057,6.17,6.21,3.76
1823,0.82,Fair,H,SI1,64.9,58,3057,5.82,5.77,3.76
1824,0.91,Good,F,SI2,63.9,56,3058,6.11,6.06,3.89
1825,0.79,Premium,D,SI1,61.4,59,3058,5.96,5.89,3.64
1826,0.91,Premium,J,VS2,61.6,58,3058,6.28,6.23,3.85
1827,0.72,Very Good,F,VS1,62.1,59,3059,5.69,5.74,3.55
1828,0.81,Very Good,E,SI2,62.9,56,3059,5.87,5.9,3.7
1829,0.71,Very Good,E,VS1,61.8,56,3059,5.74,5.78,3.56
1830,1.03,Very Good,G,I1,62.4,57,3060,6.41,6.45,4.01
1831,0.9,Good,G,SI2,63.6,57,3060,6.1,6.04,3.86
1832,0.74,Very Good,H,VVS1,62.4,57,3061,5.76,5.81,3.61
1833,0.7,Very Good,E,VS1,61.1,55,3061,5.72,5.77,3.51
1834,0.71,Very Good,E,VS1,63.3,56,3061,5.64,5.68,3.58
1835,0.9,Very Good,J,SI1,63.8,56,3061,6.11,6.14,3.91
1836,0.71,Ideal,G,SI1,61.5,55,3061,5.75,5.79,3.55
1837,0.91,Good,I,SI2,57.9,60,3061,6.46,6.39,3.72
1838,0.71,Fair,G,VVS1,62.8,57,3062,5.67,5.57,3.53
1839,0.7,Premium,F,VVS2,58.7,60,3062,5.8,5.75,3.39
1840,0.72,Ideal,D,SI1,61.5,56.5,3062,5.76,5.79,3.55
1841,0.9,Fair,F,SI2,65.7,63,3062,6.01,5.96,3.93
1842,0.71,Premium,E,VS2,62.2,59,3062,5.71,5.61,3.52
1843,0.71,Premium,E,VS2,62,61,3062,5.71,5.65,3.52
1844,0.93,Premium,J,VS1,60.3,58,3062,6.37,6.31,3.82
1845,0.7,Very Good,E,VS1,62.2,57,3063,5.63,5.68,3.52
1846,0.7,Very Good,E,VS1,62.5,56,3063,5.64,5.68,3.54
1847,0.7,Good,E,VS1,59.4,61,3063,5.79,5.83,3.45
1848,0.71,Very Good,E,VS1,63.3,59,3064,5.64,5.68,3.58
1849,0.76,Premium,E,VS2,61.7,62,3064,5.85,5.82,3.6
1850,0.7,Ideal,F,VS2,61.4,56,3064,5.72,5.75,3.52
1851,0.7,Ideal,F,VS2,61.6,55,3064,5.72,5.75,3.53
1852,0.8,Ideal,F,SI2,61.4,56,3064,5.99,5.93,3.66
1853,0.72,Very Good,E,VS2,63,58,3065,5.69,5.73,3.6
1854,0.7,Ideal,G,VS1,61.5,56,3065,5.7,5.75,3.52
1855,0.65,Ideal,H,IF,61.5,55,3065,5.6,5.62,3.45
1856,0.85,Very Good,D,SI2,61.4,60,3066,6.05,6.13,3.74
1857,0.77,Ideal,I,VS1,61.4,56,3066,5.9,5.93,3.63
1858,0.71,Ideal,F,VS1,62,57,3066,5.7,5.75,3.55
1859,0.71,Ideal,F,VS1,62.1,57,3066,5.73,5.76,3.57
1860,0.8,Ideal,F,SI2,62.5,56,3066,5.94,5.99,3.73
1861,0.8,Ideal,F,SI2,61.8,59,3066,5.94,5.96,3.68
1862,0.73,Very Good,E,VS2,63.1,55,3066,5.77,5.71,3.62
1863,0.9,Good,G,SI2,63.7,62,3067,6.01,6.07,3.85
1864,0.78,Ideal,E,SI1,62.7,55,3067,5.87,5.9,3.69
1865,0.7,Very Good,E,VS1,63.4,60,3068,5.63,5.66,3.58
1866,0.7,Ideal,E,VS2,62.6,56,3068,5.65,5.69,3.55
1867,0.85,Very Good,I,VS2,60,57,3070,6.1,6.16,3.68
1868,0.8,Very Good,G,SI1,62.9,56,3070,5.88,5.95,3.72
1869,0.8,Very Good,E,SI2,62.6,59,3070,5.84,5.91,3.68
1870,0.92,Good,J,SI2,59,63,3070,6.3,6.35,3.73
1871,0.8,Very Good,G,SI1,62.1,56,3071,6.01,5.85,3.68
1872,0.82,Ideal,I,VS1,61.6,56,3071,6.05,6.01,3.72
1873,0.71,Good,G,VVS1,62.7,61,3072,5.64,5.68,3.55
1874,0.7,Very Good,G,VVS1,63.1,56,3073,5.64,5.67,3.57
1875,0.79,Very Good,F,SI1,58.5,61,3073,6.03,6.08,3.54
1876,0.7,Ideal,G,VVS1,61.6,55,3073,5.72,5.75,3.53
1877,0.75,Ideal,G,VS2,61.6,55,3073,5.86,5.89,3.62
1878,0.71,Ideal,E,VS2,62.2,57,3073,5.69,5.73,3.55
1879,0.62,Premium,E,VVS1,61.9,59,3073,5.62,5.5,3.44
1880,1.03,Premium,G,I1,60.8,57,3073,6.55,6.51,3.97
1881,0.7,Good,D,VS2,58,65,3073,5.81,5.73,3.39
1882,0.78,Very Good,G,VS2,61.7,58,3074,5.87,5.92,3.64
1883,0.9,Fair,I,VVS2,67,56,3074,5.91,5.83,3.93
1884,0.77,Ideal,H,VS1,61.4,55,3074,5.89,5.93,3.63
1885,0.9,Good,G,SI1,63.7,56,3074,6.1,6.06,3.87
1886,0.72,Very Good,D,VS2,61.8,58,3075,5.73,5.76,3.55
1887,0.72,Very Good,D,VS2,62.6,59,3075,5.69,5.72,3.57
1888,0.71,Very Good,F,SI2,61.4,56,3075,5.71,5.73,3.51
1889,0.7,Very Good,D,SI1,62.4,57,3075,5.64,5.67,3.53
1890,0.72,Ideal,H,VVS1,62.2,57,3075,5.72,5.75,3.57
1891,0.76,Ideal,I,VS2,61.7,56,3075,5.87,5.9,3.63
1892,0.76,Ideal,D,SI1,62.8,57,3075,5.81,5.85,3.66
1893,0.79,Ideal,E,SI1,62.9,55,3075,5.93,5.86,3.71
1894,0.79,Very Good,E,SI1,60.4,59,3077,5.97,5.99,3.61
1895,0.79,Very Good,E,SI1,63.7,58,3077,5.79,5.85,3.71
1896,0.73,Ideal,E,VS2,62.7,56,3077,5.75,5.8,3.62
1897,0.71,Fair,D,VS2,64.7,58,3077,5.61,5.58,3.62
1898,0.71,Premium,D,VS2,60.3,62,3077,5.76,5.69,3.45
1899,0.75,Good,D,SI1,63.6,58,3078,5.65,5.77,3.63
1900,0.72,Premium,E,VS2,62.5,59,3078,5.7,5.73,3.57
1901,0.83,Premium,D,SI2,62.7,56,3078,6.01,5.98,3.76
1902,0.76,Ideal,E,VS2,61.3,56,3079,5.79,5.83,3.56
1903,0.94,Good,I,SI2,63.8,60,3079,6.21,6.14,3.94
1904,0.91,Fair,D,SI2,62.5,66,3079,6.08,6.01,3.78
1905,1,Very Good,E,I1,62.3,58,3080,6.33,6.38,3.96
1906,1,Ideal,H,I1,61.3,57,3080,6.41,6.44,3.94
1907,1,Fair,J,VS1,66.6,57,3080,6.07,6.03,4.03
1908,1,Premium,H,SI2,59.4,60,3080,6.49,6.4,3.83
1909,1,Premium,H,SI2,62.8,60,3080,6.46,6.34,4.02
1910,0.82,Premium,F,SI1,61.1,60,3080,6.02,5.96,3.66
1911,0.71,Ideal,H,VS2,61.8,55,3080,5.75,5.78,3.56
1912,0.71,Ideal,H,VS2,61.8,55,3080,5.73,5.75,3.55
1913,0.79,Very Good,D,SI2,63.2,57,3081,5.81,5.86,3.69
1914,0.75,Ideal,F,VS2,62.1,57,3081,5.8,5.82,3.61
1915,0.79,Ideal,F,SI1,62,55,3081,5.93,5.95,3.68
1916,0.71,Ideal,E,VS1,62.2,57,3081,5.74,5.7,3.56
1917,0.8,Very Good,F,SI1,63.5,58,3082,5.89,5.85,3.73
1918,0.91,Very Good,H,SI1,63.4,55,3082,6.18,6.15,3.91
1919,0.6,Ideal,E,VVS1,62.5,53.7,3082,5.35,5.43,3.38
1920,0.6,Ideal,E,VVS1,62,53.7,3082,5.4,5.44,3.36
1921,0.7,Good,D,VS2,57.7,60,3082,5.83,5.86,3.37
1922,0.91,Very Good,J,VS1,63.5,55,3082,6.22,6.12,3.92
1923,0.71,Premium,F,VS1,58.6,62,3082,5.88,5.82,3.43
1924,0.86,Premium,H,VS2,61.3,59,3082,6.17,6.1,3.76
1925,0.8,Ideal,F,SI1,61,56,3082,6.05,5.98,3.67
1926,0.8,Premium,F,SI1,60.1,58,3082,6.07,6.05,3.64
1927,0.8,Premium,D,SI2,61.1,58,3082,5.94,5.9,3.62
1928,0.92,Premium,F,SI2,62.1,60,3083,6.21,6.26,3.87
1929,0.72,Very Good,F,VS1,63.2,57,3083,5.69,5.73,3.61
1930,1.01,Premium,H,SI2,59.4,62,3083,6.47,6.43,3.83
1931,0.71,Very Good,D,VS2,61.8,55,3084,5.72,5.74,3.54
1932,0.72,Very Good,E,SI2,61,59,3084,5.73,5.78,3.51
1933,0.81,Premium,I,VVS2,62.9,59,3084,5.95,5.84,3.71
1934,0.53,Ideal,E,VVS1,61.8,55,3084,5.19,5.24,3.22
1935,0.61,Ideal,E,VVS1,62.2,56,3084,5.43,5.47,3.39
1936,0.85,Ideal,G,SI1,62,54,3084,6.08,6.11,3.78
1937,0.75,Good,E,VS2,62.6,58,3084,5.73,5.78,3.6
1938,0.9,Good,E,SI2,64.1,57,3084,6.09,6.07,3.9
1939,0.9,Very Good,E,SI2,63.4,62,3084,6.02,6,3.81
1940,0.9,Premium,E,SI2,60.7,61,3084,6.22,6.16,3.76
1941,0.9,Premium,E,SI2,59.5,61,3084,6.3,6.24,3.73
1942,0.9,Fair,E,SI2,64.5,55,3084,6.12,6.03,3.92
1943,0.9,Fair,E,SI2,65.8,58,3084,6.02,5.98,3.95
1944,0.9,Premium,E,SI2,63,57,3084,6.08,6.05,3.82
1945,0.81,Ideal,H,VS2,61.6,56,3084,6.03,5.98,3.7
1946,0.81,Premium,G,VS2,61.2,60,3084,6,5.99,3.67
1947,0.9,Very Good,E,SI2,63.1,54,3084,6.2,6.17,3.9
1948,1.02,Fair,I,SI2,64.5,56,3084,6.28,6.25,4.04
1949,0.72,Ideal,F,VS1,62.4,56,3084,5.76,5.72,3.58
1950,0.75,Very Good,D,SI1,63.9,56,3085,5.73,5.75,3.67
1951,0.84,Premium,E,SI2,59.2,59,3086,6.19,6.14,3.65
1952,0.75,Ideal,E,VS1,61.8,55,3086,5.85,5.87,3.62
1953,0.7,Good,D,VS2,63.9,58,3087,5.58,5.62,3.58
1954,0.7,Good,D,VS2,63.2,60,3087,5.56,5.61,3.53
1955,0.91,Very Good,H,SI1,63,57,3087,6.1,6.19,3.87
1956,0.7,Good,D,VS2,64.1,59,3087,5.49,5.56,3.54
1957,0.76,Ideal,E,SI1,62.4,57,3087,5.83,5.87,3.65
1958,0.74,Ideal,D,VS2,61.9,56,3087,5.84,5.79,3.6
1959,1.01,Good,J,SI2,63.7,60,3088,6.4,6.29,4.05
1960,1.01,Very Good,J,SI2,63.3,53,3088,6.35,6.31,4.01
1961,0.79,Premium,F,VS2,60.7,60,3089,5.95,5.97,3.62
1962,0.77,Ideal,H,SI1,61.3,56,3089,5.87,5.91,3.61
1963,0.73,Ideal,G,SI1,61.4,57,3089,5.74,5.79,3.54
1964,0.73,Ideal,G,SI1,60.9,57,3089,5.81,5.85,3.55
1965,0.73,Ideal,G,SI1,60.6,57,3089,5.84,5.87,3.55
1966,0.73,Ideal,G,SI1,61.9,55,3089,5.76,5.8,3.58
1967,0.73,Ideal,G,SI1,61.2,57,3089,5.79,5.86,3.56
1968,0.73,Ideal,G,SI1,61.7,57,3089,5.78,5.81,3.57
1969,0.71,Ideal,D,VS1,62.5,57,3090,5.71,5.68,3.56
1970,0.58,Ideal,F,VVS1,61.7,55,3090,5.36,5.39,3.31
1971,0.87,Ideal,F,SI2,62.2,56,3090,6.03,6.13,3.78
1972,0.71,Premium,D,VS1,58.1,62,3090,5.89,5.84,3.41
1973,0.72,Ideal,E,VS2,60.8,57,3091,5.79,5.82,3.53
1974,0.92,Premium,J,VS2,60.9,62,3091,6.31,6.26,3.83
1975,1.2,Premium,G,I1,60.3,58,3091,6.82,6.77,4.1
1976,0.8,Premium,E,SI1,62.9,60,3091,5.89,5.87,3.7
1977,0.98,Very Good,H,SI2,63.4,57,3091,6.41,6.32,4.04
1978,0.7,Very Good,D,VS2,60.7,58,3092,5.7,5.73,3.47
1979,0.7,Ideal,D,VS2,61.6,58,3092,5.66,5.7,3.5
1980,0.7,Ideal,D,VS2,62.3,55,3092,5.67,5.7,3.54
1981,0.8,Very Good,F,SI1,63.1,58,3093,5.89,5.93,3.73
1982,0.7,Ideal,E,VS2,62,57,3093,5.68,5.71,3.53
1983,0.7,Ideal,D,VS1,61.9,57,3093,5.69,5.72,3.53
1984,0.72,Ideal,E,VVS2,62.1,57,3093,5.76,5.74,3.57
1985,0.71,Ideal,G,VVS2,62.5,57,3095,5.7,5.73,3.57
1986,0.7,Very Good,E,VS1,63.4,57,3095,5.63,5.67,3.58
1987,0.81,Very Good,G,SI1,62.3,59,3095,5.93,5.98,3.71
1988,0.94,Premium,F,SI2,62.3,59,3095,6.32,6.23,3.91
1989,0.9,Premium,H,SI1,62.4,56,3095,6.13,6.05,3.8
1990,0.71,Very Good,D,VS2,63.1,59,3096,5.64,5.67,3.57
1991,0.71,Very Good,D,VS2,63,58,3096,5.65,5.68,3.57
1992,0.77,Good,H,VVS1,63.1,57,3096,5.83,5.86,3.69
1993,0.91,Premium,F,SI2,62.1,56,3096,6.26,6.21,3.87
1994,0.81,Ideal,I,SI1,61.3,56,3097,6.23,6.27,3.83
1995,0.81,Premium,F,SI1,60.3,59,3097,5.98,6.05,3.63
1996,0.52,Ideal,E,VVS1,61.8,55,3097,5.19,5.2,3.21
1997,0.53,Ideal,D,VVS1,61.6,55,3097,5.21,5.27,3.23
1998,1.29,Good,I,I1,64.2,54,3098,6.93,6.83,4.42
1999,0.9,Very Good,I,SI2,60.4,58,3099,6.25,6.31,3.79
2000,0.72,Ideal,D,VS2,61.8,57,3099,5.76,5.73,3.55
2001,0.94,Premium,G,SI2,63,59,3099,6.16,6.1,3.86
2002,0.93,Ideal,I,SI2,62.3,57,3101,6.2,6.22,3.87
2003,0.74,Ideal,F,VVS2,61.5,54,3101,5.84,5.86,3.6
